{
  "Total" : {
    "transaction" : "Total",
    "sampleCount" : 300,
    "errorCount" : 0,
    "errorPct" : 0.0,
    "meanResTime" : 7.069999999999996,
    "medianResTime" : 4.0,
    "minResTime" : 2.0,
    "maxResTime" : 82.0,
    "pct1ResTime" : 15.0,
    "pct2ResTime" : 15.0,
    "pct3ResTime" : 22.970000000000027,
    "throughput" : 1.003693592420106,
    "receivedKBytesPerSec" : 0.5421611687259114,
    "sentKBytesPerSec" : 0.18312833937222311
  },
  "HTTP Request" : {
    "transaction" : "HTTP Request",
    "sampleCount" : 300,
    "errorCount" : 0,
    "errorPct" : 0.0,
    "meanResTime" : 7.069999999999996,
    "medianResTime" : 4.0,
    "minResTime" : 2.0,
    "maxResTime" : 82.0,
    "pct1ResTime" : 15.0,
    "pct2ResTime" : 15.0,
    "pct3ResTime" : 22.970000000000027,
    "throughput" : 1.003693592420106,
    "receivedKBytesPerSec" : 0.5421611687259114,
    "sentKBytesPerSec" : 0.18312833937222311
  }
}