{
  "Total" : {
    "transaction" : "Total",
    "sampleCount" : 300,
    "errorCount" : 0,
    "errorPct" : 0.0,
    "meanResTime" : 7.139999999999998,
    "medianResTime" : 4.5,
    "minResTime" : 2.0,
    "maxResTime" : 68.0,
    "pct1ResTime" : 15.0,
    "pct2ResTime" : 16.0,
    "pct3ResTime" : 20.99000000000001,
    "throughput" : 1.003686876459528,
    "receivedKBytesPerSec" : 0.5437356033663657,
    "sentKBytesPerSec" : 0.18314018285502076
  },
  "HTTP Request" : {
    "transaction" : "HTTP Request",
    "sampleCount" : 300,
    "errorCount" : 0,
    "errorPct" : 0.0,
    "meanResTime" : 7.139999999999998,
    "medianResTime" : 4.5,
    "minResTime" : 2.0,
    "maxResTime" : 68.0,
    "pct1ResTime" : 15.0,
    "pct2ResTime" : 16.0,
    "pct3ResTime" : 20.99000000000001,
    "throughput" : 1.003686876459528,
    "receivedKBytesPerSec" : 0.5437356033663657,
    "sentKBytesPerSec" : 0.18314018285502076
  }
}