{
  "Total" : {
    "transaction" : "Total",
    "sampleCount" : 60,
    "errorCount" : 0,
    "errorPct" : 0.0,
    "meanResTime" : 12.933333333333332,
    "medianResTime" : 9.5,
    "minResTime" : 3.0,
    "maxResTime" : 144.0,
    "pct1ResTime" : 20.0,
    "pct2ResTime" : 23.89999999999999,
    "pct3ResTime" : 144.0,
    "throughput" : 1.019108280254777,
    "receivedKBytesPerSec" : 0.560360270700637,
    "sentKBytesPerSec" : 0.18589105626326963
  },
  "HTTP Request" : {
    "transaction" : "HTTP Request",
    "sampleCount" : 60,
    "errorCount" : 0,
    "errorPct" : 0.0,
    "meanResTime" : 12.933333333333332,
    "medianResTime" : 9.5,
    "minResTime" : 3.0,
    "maxResTime" : 144.0,
    "pct1ResTime" : 20.0,
    "pct2ResTime" : 23.89999999999999,
    "pct3ResTime" : 144.0,
    "throughput" : 1.019108280254777,
    "receivedKBytesPerSec" : 0.560360270700637,
    "sentKBytesPerSec" : 0.18589105626326963
  }
}